[
  {
    "value": "open",
    "synonyms": [
      "open",
      "running",
      "started",
      "executing"
    ]
  },
  {
    "value": "where",
    "synonyms": [
      "where",
      "where is",
      "find",
      "locate",
      "geolocate"
    ]
  },
  {
    "value": "battery",
    "synonyms": [
      "battery",
      "battery power",
      "juice"
    ]
  },
  {
    "value": "disk",
    "synonyms": [
      "disk",
      "hard drive",
      "SSD",
      "HDD"
    ]
  },
  {
    "value": "memory",
    "synonyms": [
      "memory",
      "RAM"
    ]
  },
  {
    "value": "processor",
    "synonyms": [
      "CPU",
      "processor"
    ]
  }
]