[
  {
    "value": "power on",
    "synonyms": [
      "turn on",
      "wake",
      "power on"
    ]
  },
  {
    "value": "power off",
    "synonyms": [
      "power off",
      "turn off",
      "shutdown"
    ]
  },
  {
    "value": "sleep",
    "synonyms": [
      "sleep",
      "snooze"
    ]
  },
  {
    "value": "lock",
    "synonyms": [
      "lock",
      "secure",
      "close"
    ]
  },
  {
    "value": "unlock",
    "synonyms": [
      "unlock"
    ]
  },
  {
    "value": "start recording",
    "synonyms": [
      "start recording",
      "record",
      "start capturing",
      "record this"
    ]
  },
  {
    "value": "open",
    "synonyms": [
      "open",
      "start",
      "play",
      "view",
      "show"
    ]
  },
  {
    "value": "close",
    "synonyms": [
      "close",
      "stop"
    ]
  },
  {
    "value": "kill",
    "synonyms": [
      "kill"
    ]
  },
  {
    "value": "locate",
    "synonyms": [
      "locate",
      "find",
      "search"
    ]
  },
  {
    "value": "fetch",
    "synonyms": [
      "fetch",
      "get"
    ]
  },
  {
    "value": "set volume",
    "synonyms": [
      "set volume",
      "make volume"
    ]
  },
  {
    "value": "stop",
    "synonyms": [
      "stop",
      "quit"
    ]
  },
  {
    "value": "take a picture",
    "synonyms": [
      "take a picture",
      "capture a picture",
      "save an image",
      "take picture",
      "capture picture",
      "save image",
      "save picture",
      "save photo",
      "take photo",
      "capture photo",
      "take a photo",
      "capture a photo"
    ]
  },
  {
    "value": "screenshot",
    "synonyms": [
      "screenshot",
      "capture screen",
      "take a screenshot",
      "save a screenshot",
      "capture a screenshot"
    ]
  },
  {
    "value": "download",
    "synonyms": [
      "download",
      "save"
    ]
  },
  {
    "value": "stop recording",
    "synonyms": [
      "stop recording",
      "end recording",
      "quit recording",
      "stop capture",
      "end capture",
      "quit capture"
    ]
  }
]