[
  {
    "id": "ffef0580-ec2d-4d32-9bc8-ec65012c431f",
    "data": [
      {
        "text": "quit",
        "meta": "@sys.ignore",
        "userDefined": false
      },
      {
        "text": " control",
        "userDefined": false
      }
    ],
    "isTemplate": false,
    "count": 0,
    "updated": 1516677352
  },
  {
    "id": "50a27dba-f658-4521-9ff4-2a3986355d3c",
    "data": [
      {
        "text": "exit computer control",
        "userDefined": false
      }
    ],
    "isTemplate": false,
    "count": 0,
    "updated": 1516677352
  },
  {
    "id": "763fab5b-49e7-4933-8c57-300276476bea",
    "data": [
      {
        "text": "exit",
        "userDefined": false
      }
    ],
    "isTemplate": false,
    "count": 0,
    "updated": 1516677352
  },
  {
    "id": "fe7a68ca-d845-480b-96f5-b1d10c0726ac",
    "data": [
      {
        "text": "stop",
        "meta": "@sys.ignore",
        "userDefined": false
      },
      {
        "text": " controlling",
        "userDefined": false
      }
    ],
    "isTemplate": false,
    "count": 1,
    "updated": 1516677352
  },
  {
    "id": "934baee2-e366-435d-a7e5-643feb5735fe",
    "data": [
      {
        "text": "quit",
        "meta": "@sys.ignore",
        "userDefined": false
      },
      {
        "text": " Linux",
        "userDefined": false
      }
    ],
    "isTemplate": false,
    "count": 0,
    "updated": 1516677352
  },
  {
    "id": "c0d8c0f6-3d44-4f7c-98db-9cf618e87d46",
    "data": [
      {
        "text": "quit",
        "meta": "@sys.ignore",
        "userDefined": false
      },
      {
        "text": " computer control",
        "userDefined": false
      }
    ],
    "isTemplate": false,
    "count": 0,
    "updated": 1516677352
  },
  {
    "id": "6661d072-70ed-4c0c-ba1d-1b2b75f52131",
    "data": [
      {
        "text": "exit control",
        "userDefined": false
      }
    ],
    "isTemplate": false,
    "count": 0,
    "updated": 1516677352
  },
  {
    "id": "0a2a82e8-4d65-4ce4-9e16-73b9c62627d1",
    "data": [
      {
        "text": "quit",
        "meta": "@sys.ignore",
        "userDefined": false
      }
    ],
    "isTemplate": false,
    "count": 0,
    "updated": 1516677352
  },
  {
    "id": "43d334b8-c53b-48b1-8457-4f69cb2989a1",
    "data": [
      {
        "text": "exit Linux",
        "userDefined": false
      }
    ],
    "isTemplate": false,
    "count": 0,
    "updated": 1516677352
  }
]