[
  {
    "action": "smalltalk.greetings.goodevening",
    "customAnswers": [
      "Good evening!"
    ]
  },
  {
    "action": "smalltalk.greetings.goodmorning",
    "customAnswers": [
      "Good morning!"
    ]
  },
  {
    "action": "smalltalk.greetings.goodnight",
    "customAnswers": [
      "Good night!"
    ]
  },
  {
    "action": "smalltalk.greetings.hello",
    "customAnswers": [
      "Hi!"
    ]
  },
  {
    "action": "smalltalk.greetings.how_are_you",
    "customAnswers": [
      "Good, as always. How are you?"
    ]
  },
  {
    "action": "smalltalk.greetings.nice_to_meet_you",
    "customAnswers": [
      "Nice to meet you too!"
    ]
  },
  {
    "action": "smalltalk.greetings.nice_to_see_you",
    "customAnswers": [
      "Nice to see you too!"
    ]
  },
  {
    "action": "smalltalk.greetings.nice_to_talk_to_you",
    "customAnswers": [
      "Nice to talk to you too!"
    ]
  },
  {
    "action": "smalltalk.greetings.whatsup",
    "customAnswers": [
      "The sky?",
      "Nothing much."
    ]
  },
  {
    "action": "smalltalk.user.angry",
    "customAnswers": [
      "Not good. How may I help?"
    ]
  },
  {
    "action": "smalltalk.user.back",
    "customAnswers": [
      "Good to have you back."
    ]
  },
  {
    "action": "smalltalk.dialog.hold_on",
    "customAnswers": [
      "Okay."
    ]
  },
  {
    "action": "smalltalk.dialog.hug",
    "customAnswers": [
      "Sorry, that\u0027s a little bit difficult.",
      "Can\u0027t. I\u0027m a program."
    ]
  },
  {
    "action": "smalltalk.dialog.i_do_not_care",
    "customAnswers": [
      "Okay. Good to know.",
      "Oh well. I tried."
    ]
  },
  {
    "action": "smalltalk.dialog.sorry",
    "customAnswers": [
      "That\u0027s okay.",
      "No problem."
    ]
  },
  {
    "action": "smalltalk.dialog.what_do_you_mean",
    "customAnswers": [
      "I\u0027m not sure how else to put that.",
      "I\u0027m not very good at rewording things."
    ]
  },
  {
    "action": "smalltalk.dialog.wrong",
    "customAnswers": [
      "I\u0027m never wrong! Well... sometimes I guess."
    ]
  }
]